{"cameraMode":{"drawMode":0,"name":"Shaded","section":"Shading Mode"},"sceneLighting":false,"audioPlay":false,"sceneViewState":{"showFog":true,"showMaterialUpdate":false,"showSkybox":false,"showFlares":true,"showImageEffects":true,"showParticleSystems":true},"in2DMode":false,"pivot":{"x":0.006226867437362671,"y":0.014721155166625977,"z":-0.01163548231124878},"rotation":{"x":0.04807298257946968,"y":-0.9257068037986755,"z":0.3535381853580475,"w":0.1260250061750412},"size":0.2750571668148041,"orthographic":false}