{"cameraMode":{"drawMode":0,"name":"Shaded","section":"Shading Mode"},"sceneLighting":false,"audioPlay":false,"sceneViewState":{"showFog":true,"showMaterialUpdate":false,"showSkybox":false,"showFlares":true,"showImageEffects":true,"showParticleSystems":true},"in2DMode":false,"pivot":{"x":0.000002384185791015625,"y":4.552682399749756,"z":-9.5367431640625e-7},"rotation":{"x":-0.11781256645917893,"y":0.8794236183166504,"z":-0.28686121106147768,"w":-0.36118224263191225},"size":10.787294387817383,"orthographic":false}