{"cameraMode":{"drawMode":0,"name":"Shaded","section":"Shading Mode"},"sceneLighting":false,"audioPlay":false,"sceneViewState":{"showFog":true,"showMaterialUpdate":false,"showSkybox":false,"showFlares":true,"showImageEffects":true,"showParticleSystems":true},"in2DMode":false,"pivot":{"x":0.019528865814208986,"y":1.666845679283142,"z":0.03415191173553467},"rotation":{"x":-0.11781256645917893,"y":0.8794236183166504,"z":-0.28686121106147768,"w":-0.36118224263191225},"size":2.7407333850860597,"orthographic":false}