{"cameraMode":{"drawMode":0,"name":"Shaded","section":"Shading Mode"},"sceneLighting":false,"audioPlay":false,"sceneViewState":{"showFog":true,"showMaterialUpdate":false,"showSkybox":false,"showFlares":true,"showImageEffects":true,"showParticleSystems":true},"in2DMode":false,"pivot":{"x":-0.0000032186508178710939,"y":0.010609626770019532,"z":1.1920928955078126e-7},"rotation":{"x":-0.3704022765159607,"y":0.08951970189809799,"z":-0.03589654713869095,"w":-0.9238552451133728},"size":1.0261014699935914,"orthographic":false}