{"cameraMode":{"drawMode":0,"name":"Shaded","section":"Shading Mode"},"sceneLighting":false,"audioPlay":false,"sceneViewState":{"showFog":true,"showMaterialUpdate":false,"showSkybox":false,"showFlares":true,"showImageEffects":true,"showParticleSystems":true},"in2DMode":false,"pivot":{"x":-1.5443620681762696,"y":3.6312172412872316,"z":-3.3016839027404787},"rotation":{"x":-0.0682135596871376,"y":0.7566226124763489,"z":-0.07997538149356842,"w":-0.6453537344932556},"size":8.948460578918457,"orthographic":false}