{"cameraMode":{"drawMode":0,"name":"Shaded","section":"Shading Mode"},"sceneLighting":false,"audioPlay":false,"sceneViewState":{"showFog":true,"showMaterialUpdate":false,"showSkybox":false,"showFlares":true,"showImageEffects":true,"showParticleSystems":true},"in2DMode":false,"pivot":{"x":-0.09007644653320313,"y":0.43076395988464358,"z":-0.16558265686035157},"rotation":{"x":0.04807298257946968,"y":-0.9257068037986755,"z":0.3535381853580475,"w":0.1260250061750412},"size":13.299195289611817,"orthographic":false}