{"cameraMode":{"drawMode":0,"name":"Shaded","section":"Shading Mode"},"sceneLighting":false,"audioPlay":false,"sceneViewState":{"showFog":true,"showMaterialUpdate":false,"showSkybox":false,"showFlares":true,"showImageEffects":true,"showParticleSystems":true},"in2DMode":false,"pivot":{"x":-1.2613898515701295,"y":0.7817391157150269,"z":0.12055015563964844},"rotation":{"x":-0.18566538393497468,"y":0.3279713988304138,"z":-0.06590356677770615,"w":-0.9239308834075928},"size":1.3894243240356446,"orthographic":false}