{"cameraMode":{"drawMode":0,"name":"Shaded","section":"Shading Mode"},"sceneLighting":false,"audioPlay":false,"sceneViewState":{"showFog":true,"showMaterialUpdate":false,"showSkybox":false,"showFlares":true,"showImageEffects":true,"showParticleSystems":true},"in2DMode":false,"pivot":{"x":0.14057132601737977,"y":-0.10254502296447754,"z":0.41733095049858096},"rotation":{"x":-0.43003907799720766,"y":-0.20679989457130433,"z":0.10221564024686814,"w":-0.8729342818260193},"size":0.6410298943519592,"orthographic":false}