{"cameraMode":{"drawMode":0,"name":"Shaded","section":"Shading Mode"},"sceneLighting":false,"audioPlay":false,"sceneViewState":{"showFog":true,"showMaterialUpdate":false,"showSkybox":false,"showFlares":true,"showImageEffects":true,"showParticleSystems":true},"in2DMode":false,"pivot":{"x":-0.22815142571926118,"y":0.1286834180355072,"z":-0.4030694365501404},"rotation":{"x":-0.2146681249141693,"y":0.15980444848537446,"z":-0.03541973605751991,"w":-0.9629400968551636},"size":0.4837762713432312,"orthographic":false}