{"cameraMode":{"drawMode":0,"name":"Shaded","section":"Shading Mode"},"sceneLighting":false,"audioPlay":false,"sceneViewState":{"showFog":true,"showMaterialUpdate":false,"showSkybox":false,"showFlares":true,"showImageEffects":true,"showParticleSystems":true},"in2DMode":false,"pivot":{"x":31.977622985839845,"y":1.0694332122802735,"z":49.04347610473633},"rotation":{"x":0.0561445988714695,"y":-0.9440267086029053,"z":0.2327997237443924,"w":0.22709432244300843},"size":1.440100073814392,"orthographic":false}