{"cameraMode":{"drawMode":0,"name":"Shaded","section":"Shading Mode"},"sceneLighting":false,"audioPlay":false,"sceneViewState":{"showFog":true,"showMaterialUpdate":false,"showSkybox":false,"showFlares":true,"showImageEffects":true,"showParticleSystems":true},"in2DMode":false,"pivot":{"x":32.74559783935547,"y":1.8711055517196656,"z":51.176883697509769},"rotation":{"x":0.011856541968882084,"y":0.9784351587295532,"z":-0.059100206941366199,"w":0.19781991839408875},"size":1.1840646266937256,"orthographic":false}