{"cameraMode":{"drawMode":0,"name":"Shaded","section":"Shading Mode"},"sceneLighting":false,"audioPlay":false,"sceneViewState":{"showFog":true,"showMaterialUpdate":false,"showSkybox":false,"showFlares":true,"showImageEffects":true,"showParticleSystems":true},"in2DMode":false,"pivot":{"x":-2.7469446659088136,"y":0.1039208173751831,"z":0.9238524436950684},"rotation":{"x":-0.10923739522695542,"y":0.5942422151565552,"z":-0.08167874068021774,"w":-0.7927469611167908},"size":1.6484591960906983,"orthographic":false}