{"cameraMode":{"drawMode":0,"name":"Shaded","section":"Shading Mode"},"sceneLighting":false,"audioPlay":false,"sceneViewState":{"showFog":true,"showMaterialUpdate":false,"showSkybox":false,"showFlares":true,"showImageEffects":true,"showParticleSystems":true},"in2DMode":false,"pivot":{"x":-8.570812225341797,"y":-2.834230422973633,"z":2.604745864868164},"rotation":{"x":-0.42602887749671938,"y":-0.13896077871322633,"z":0.06674064695835114,"w":-0.8915736079216003},"size":20.88243293762207,"orthographic":false}