{"cameraMode":{"drawMode":0,"name":"Shaded","section":"Shading Mode"},"sceneLighting":false,"audioPlay":false,"sceneViewState":{"showFog":true,"showMaterialUpdate":false,"showSkybox":false,"showFlares":true,"showImageEffects":true,"showParticleSystems":true},"in2DMode":false,"pivot":{"x":0.023957669734954835,"y":0.0845923125743866,"z":0.30833524465560915},"rotation":{"x":0.26670143008232119,"y":0.6913851499557495,"z":-0.308933824300766,"w":0.5965322852134705},"size":0.3380042612552643,"orthographic":false}