{"cameraMode":{"drawMode":0,"name":"Shaded","section":"Shading Mode"},"sceneLighting":false,"audioPlay":false,"sceneViewState":{"showFog":true,"showMaterialUpdate":false,"showSkybox":false,"showFlares":true,"showImageEffects":true,"showParticleSystems":true},"in2DMode":false,"pivot":{"x":0.0,"y":0.84150630235672,"z":-0.018003880977630616},"rotation":{"x":-0.021199379116296769,"y":-0.9763709306716919,"z":0.18254442512989045,"w":-0.11418568342924118},"size":1.4149247407913209,"orthographic":false}