{"cameraMode":{"drawMode":0,"name":"Shaded","section":"Shading Mode"},"sceneLighting":false,"audioPlay":false,"sceneViewState":{"showFog":true,"showMaterialUpdate":false,"showSkybox":false,"showFlares":true,"showImageEffects":true,"showParticleSystems":true},"in2DMode":false,"pivot":{"x":-0.6365057826042175,"y":0.07159656286239624,"z":0.5820869207382202},"rotation":{"x":0.28115114569664,"y":0.19575393199920655,"z":-0.058699242770671847,"w":0.9376715421676636},"size":1.3996400833129883,"orthographic":false}