{"cameraMode":{"drawMode":0,"name":"Shaded","section":"Shading Mode"},"sceneLighting":false,"audioPlay":false,"sceneViewState":{"showFog":true,"showMaterialUpdate":false,"showSkybox":false,"showFlares":true,"showImageEffects":true,"showParticleSystems":true},"in2DMode":false,"pivot":{"x":8.327722549438477,"y":-1.0701589584350587,"z":66.9803466796875},"rotation":{"x":0.17935824394226075,"y":0.007795628160238266,"z":-0.0019039128674194217,"w":0.9839272499084473},"size":6.462381839752197,"orthographic":false}