{"cameraMode":{"drawMode":0,"name":"Shaded","section":"Shading Mode"},"sceneLighting":false,"audioPlay":false,"sceneViewState":{"showFog":true,"showMaterialUpdate":false,"showSkybox":false,"showFlares":true,"showImageEffects":true,"showParticleSystems":true},"in2DMode":false,"pivot":{"x":0.0,"y":0.8479754328727722,"z":-0.02172410488128662},"rotation":{"x":0.040727194398641589,"y":-0.9594032168388367,"z":0.19276900589466096,"w":0.20206600427627564},"size":1.414926290512085,"orthographic":false}