{"cameraMode":{"drawMode":0,"name":"Shaded","section":"Shading Mode"},"sceneLighting":false,"audioPlay":false,"sceneViewState":{"showFog":true,"showMaterialUpdate":false,"showSkybox":false,"showFlares":true,"showImageEffects":true,"showParticleSystems":true},"in2DMode":false,"pivot":{"x":0.06381690502166748,"y":0.19835102558135987,"z":0.15172356367111207},"rotation":{"x":-0.19686900079250337,"y":-0.6654073596000671,"z":0.18888702988624574,"w":-0.6949529647827148},"size":0.6325145363807678,"orthographic":false}