{"cameraMode":{"drawMode":0,"name":"Shaded","section":"Shading Mode"},"sceneLighting":false,"audioPlay":false,"sceneViewState":{"showFog":true,"showMaterialUpdate":false,"showSkybox":false,"showFlares":true,"showImageEffects":true,"showParticleSystems":true},"in2DMode":false,"pivot":{"x":-1.32761812210083,"y":-2.3568174839019777,"z":1.5663301944732667},"rotation":{"x":-0.23736043274402619,"y":-0.5329452157020569,"z":0.15917956829071046,"w":-0.7965297102928162},"size":2.9578630924224855,"orthographic":false}