{"cameraMode":{"drawMode":0,"name":"Shaded","section":"Shading Mode"},"sceneLighting":false,"audioPlay":false,"sceneViewState":{"showFog":true,"showMaterialUpdate":false,"showSkybox":false,"showFlares":true,"showImageEffects":true,"showParticleSystems":true},"in2DMode":false,"pivot":{"x":-0.0025187432765960695,"y":-0.1408846378326416,"z":0.201954647898674},"rotation":{"x":-0.2339974194765091,"y":-0.37629517912864687,"z":0.09883268922567368,"w":-0.8910709023475647},"size":0.6631540060043335,"orthographic":false}