{"cameraMode":{"drawMode":0,"name":"Shaded","section":"Shading Mode"},"sceneLighting":false,"audioPlay":false,"sceneViewState":{"showFog":true,"showMaterialUpdate":false,"showSkybox":false,"showFlares":true,"showImageEffects":true,"showParticleSystems":true},"in2DMode":false,"pivot":{"x":-0.034592218697071078,"y":0.3938618302345276,"z":0.0003682374954223633},"rotation":{"x":-0.07256685197353363,"y":-0.8144075274467468,"z":0.10480089485645294,"w":-0.5662630200386047},"size":0.6276819109916687,"orthographic":false}