{"cameraMode":{"drawMode":0,"name":"Shaded","section":"Shading Mode"},"sceneLighting":false,"audioPlay":false,"sceneViewState":{"showFog":true,"showMaterialUpdate":false,"showSkybox":false,"showFlares":true,"showImageEffects":true,"showParticleSystems":true},"in2DMode":false,"pivot":{"x":-0.21964499354362489,"y":-0.047366976737976077,"z":0.28749126195907595},"rotation":{"x":-0.11583364009857178,"y":0.8647689819335938,"z":-0.23256175220012666,"w":-0.42988449335098269},"size":0.4597851037979126,"orthographic":false}