{"cameraMode":{"drawMode":0,"name":"Shaded","section":"Shading Mode"},"sceneLighting":false,"audioPlay":false,"sceneViewState":{"showFog":true,"showMaterialUpdate":false,"showSkybox":false,"showFlares":true,"showImageEffects":true,"showParticleSystems":true},"in2DMode":false,"pivot":{"x":-2.9592857360839845,"y":5.143772125244141,"z":1.074129581451416},"rotation":{"x":-0.04392605274915695,"y":-0.4102801978588104,"z":0.02007383108139038,"w":-0.9107727408409119},"size":5.99863862991333,"orthographic":false}