{"cameraMode":{"drawMode":0,"name":"Shaded","section":"Shading Mode"},"sceneLighting":false,"audioPlay":false,"sceneViewState":{"showFog":true,"showMaterialUpdate":false,"showSkybox":false,"showFlares":true,"showImageEffects":true,"showParticleSystems":true},"in2DMode":false,"pivot":{"x":0.006426848471164703,"y":-0.07556900382041931,"z":-0.059425659477710727},"rotation":{"x":-0.15556764602661134,"y":-0.639934241771698,"z":0.13479845225811006,"w":-0.7404558062553406},"size":0.1167096346616745,"orthographic":false}