{"cameraMode":{"drawMode":0,"name":"Shaded","section":"Shading Mode"},"sceneLighting":false,"audioPlay":false,"sceneViewState":{"showFog":true,"showMaterialUpdate":false,"showSkybox":false,"showFlares":true,"showImageEffects":true,"showParticleSystems":true},"in2DMode":false,"pivot":{"x":-0.04847404360771179,"y":-0.03659411519765854,"z":0.13850145041942597},"rotation":{"x":-0.12059592455625534,"y":-0.8251643180847168,"z":0.5171940922737122,"w":-0.19296017289161683},"size":0.20618802309036256,"orthographic":false}