{"cameraMode":{"drawMode":0,"name":"Shaded","section":"Shading Mode"},"sceneLighting":false,"audioPlay":false,"sceneViewState":{"showFog":true,"showMaterialUpdate":false,"showSkybox":false,"showFlares":true,"showImageEffects":true,"showParticleSystems":true},"in2DMode":false,"pivot":{"x":-0.056756749749183658,"y":0.12040793895721436,"z":-0.10396227240562439},"rotation":{"x":0.08661866188049317,"y":-0.913354218006134,"z":0.2678182125091553,"w":0.294477254152298},"size":0.24753408133983613,"orthographic":false}