{"cameraMode":{"drawMode":0,"name":"Shaded","section":"Shading Mode"},"sceneLighting":false,"audioPlay":false,"sceneViewState":{"showFog":true,"showMaterialUpdate":false,"showSkybox":false,"showFlares":true,"showImageEffects":true,"showParticleSystems":true},"in2DMode":false,"pivot":{"x":342.8612365722656,"y":305.81500244140627,"z":-1.6065673828125},"rotation":{"x":0.030322987586259843,"y":0.01934526301920414,"z":0.00022450547839980572,"w":0.9996414184570313},"size":353.6750183105469,"orthographic":false}