{"cameraMode":{"drawMode":0,"name":"Shaded","section":"Shading Mode"},"sceneLighting":false,"audioPlay":false,"sceneViewState":{"showFog":true,"showMaterialUpdate":false,"showSkybox":false,"showFlares":true,"showImageEffects":true,"showParticleSystems":true},"in2DMode":false,"pivot":{"x":92.76188659667969,"y":0.9198618531227112,"z":72.65936279296875},"rotation":{"x":0.07163982838392258,"y":0.49279794096946719,"z":-0.041372764855623248,"w":0.8663898706436157},"size":3.4631612300872804,"orthographic":false}