{"cameraMode":{"drawMode":0,"name":"Shaded","section":"Shading Mode"},"sceneLighting":false,"audioPlay":false,"sceneViewState":{"showFog":true,"showMaterialUpdate":false,"showSkybox":false,"showFlares":true,"showImageEffects":true,"showParticleSystems":true},"in2DMode":false,"pivot":{"x":0.02131102979183197,"y":0.005310002714395523,"z":0.12436114996671677},"rotation":{"x":-0.2146681249141693,"y":0.15980444848537446,"z":-0.03541973605751991,"w":-0.9629400968551636},"size":0.1270415186882019,"orthographic":false}