{"cameraMode":{"drawMode":0,"name":"Shaded","section":"Shading Mode"},"sceneLighting":false,"audioPlay":false,"sceneViewState":{"showFog":true,"showMaterialUpdate":false,"showSkybox":false,"showFlares":true,"showImageEffects":true,"showParticleSystems":true},"in2DMode":false,"pivot":{"x":-8.158590316772461,"y":3.899477958679199,"z":3.471230983734131},"rotation":{"x":0.07490234076976776,"y":-0.7085840702056885,"z":0.07586975395679474,"w":0.6976060271263123},"size":17.28568458557129,"orthographic":false}