{"cameraMode":{"drawMode":0,"name":"Shaded","section":"Shading Mode"},"sceneLighting":false,"audioPlay":false,"sceneViewState":{"showFog":true,"showMaterialUpdate":false,"showSkybox":false,"showFlares":true,"showImageEffects":true,"showParticleSystems":true},"in2DMode":false,"pivot":{"x":0.02411605417728424,"y":-0.011375188827514649,"z":-0.025169983506202699},"rotation":{"x":-0.053897324949502948,"y":-0.9093851447105408,"z":0.1252935230731964,"w":-0.39316388964653017},"size":0.16212928295135499,"orthographic":false}