{"cameraMode":{"drawMode":0,"name":"Shaded","section":"Shading Mode"},"sceneLighting":false,"audioPlay":false,"sceneViewState":{"showFog":true,"showMaterialUpdate":false,"showSkybox":false,"showFlares":true,"showImageEffects":true,"showParticleSystems":true},"in2DMode":false,"pivot":{"x":-0.08766348659992218,"y":-0.27459001541137698,"z":0.26435375213623049},"rotation":{"x":-0.28611451387405398,"y":-0.08340554684400559,"z":0.025290733203291894,"w":-0.9543086886405945},"size":0.7302185893058777,"orthographic":false}