{"cameraMode":{"drawMode":0,"name":"Shaded","section":"Shading Mode"},"sceneLighting":false,"audioPlay":false,"sceneViewState":{"showFog":true,"showMaterialUpdate":false,"showSkybox":false,"showFlares":true,"showImageEffects":true,"showParticleSystems":true},"in2DMode":false,"pivot":{"x":0.0,"y":0.3542744219303131,"z":-1.4901161193847657e-7},"rotation":{"x":-0.19686900079250337,"y":-0.6654073596000671,"z":0.18888702988624574,"w":-0.6949529647827148},"size":0.7048537135124207,"orthographic":false}