{"cameraMode":{"drawMode":0,"name":"Shaded","section":"Shading Mode"},"sceneLighting":false,"audioPlay":false,"sceneViewState":{"showFog":true,"showMaterialUpdate":false,"showSkybox":false,"showFlares":true,"showImageEffects":true,"showParticleSystems":true},"in2DMode":false,"pivot":{"x":-1.6148465871810914,"y":0.7846665382385254,"z":3.4401655197143556},"rotation":{"x":-0.34750089049339297,"y":0.34874239563941958,"z":-0.14084893465042115,"w":-0.8590708374977112},"size":3.5368714332580568,"orthographic":false}