{"cameraMode":{"drawMode":0,"name":"Shaded","section":"Shading Mode"},"sceneLighting":false,"audioPlay":false,"sceneViewState":{"showFog":true,"showMaterialUpdate":false,"showSkybox":false,"showFlares":true,"showImageEffects":true,"showParticleSystems":true},"in2DMode":false,"pivot":{"x":0.0016642510890960694,"y":0.5298042893409729,"z":0.008266270160675049},"rotation":{"x":-0.053897324949502948,"y":-0.9093851447105408,"z":0.1252935230731964,"w":-0.39316388964653017},"size":0.7056445479393005,"orthographic":false}