{"cameraMode":{"drawMode":0,"name":"Shaded","section":"Shading Mode"},"sceneLighting":true,"audioPlay":false,"sceneViewState":{"showFog":true,"showMaterialUpdate":false,"showSkybox":true,"showFlares":true,"showImageEffects":true,"showParticleSystems":true},"in2DMode":false,"pivot":{"x":91.05103302001953,"y":0.7489364147186279,"z":68.79901123046875},"rotation":{"x":-0.23300346732139588,"y":0.24679216742515565,"z":-0.061249881982803348,"w":-0.9386570453643799},"size":2.74879789352417,"orthographic":false}