{"cameraMode":{"drawMode":0,"name":"Shaded","section":"Shading Mode"},"sceneLighting":false,"audioPlay":false,"sceneViewState":{"showFog":true,"showMaterialUpdate":false,"showSkybox":false,"showFlares":true,"showImageEffects":true,"showParticleSystems":true},"in2DMode":false,"pivot":{"x":-2.9802322387695315e-8,"y":0.26463115215301516,"z":0.0},"rotation":{"x":-0.2146681249141693,"y":0.15980444848537446,"z":-0.03541973605751991,"w":-0.9629400968551636},"size":0.3349468410015106,"orthographic":false}