{"cameraMode":{"drawMode":0,"name":"Shaded","section":"Shading Mode"},"sceneLighting":false,"audioPlay":false,"sceneViewState":{"showFog":true,"showMaterialUpdate":false,"showSkybox":false,"showFlares":true,"showImageEffects":true,"showParticleSystems":true},"in2DMode":false,"pivot":{"x":0.11128789186477661,"y":0.4096298813819885,"z":0.33614298701286318},"rotation":{"x":-0.19307076930999757,"y":-0.7504199147224426,"z":0.24995070695877076,"w":-0.5807583332061768},"size":0.6480215787887573,"orthographic":false}