{"cameraMode":{"drawMode":0,"name":"Shaded","section":"Shading Mode"},"sceneLighting":false,"audioPlay":false,"sceneViewState":{"showFog":true,"showMaterialUpdate":false,"showSkybox":false,"showFlares":true,"showImageEffects":true,"showParticleSystems":true},"in2DMode":false,"pivot":{"x":0.006226867437362671,"y":0.014721155166625977,"z":-0.01163548231124878},"rotation":{"x":-0.4391418695449829,"y":0.026847410947084428,"z":-0.012791146524250508,"w":-0.8980187773704529},"size":0.2750571668148041,"orthographic":false}