{"cameraMode":{"drawMode":0,"name":"Shaded","section":"Shading Mode"},"sceneLighting":false,"audioPlay":false,"sceneViewState":{"showFog":true,"showMaterialUpdate":false,"showSkybox":false,"showFlares":true,"showImageEffects":true,"showParticleSystems":true},"in2DMode":false,"pivot":{"x":0.0,"y":0.5091763734817505,"z":0.021185576915740968},"rotation":{"x":-0.09246344864368439,"y":0.7477079033851624,"z":-0.10625024139881134,"w":-0.6490185260772705},"size":0.9153644442558289,"orthographic":false}