{"cameraMode":{"drawMode":0,"name":"Shaded","section":"Shading Mode"},"sceneLighting":false,"audioPlay":false,"sceneViewState":{"showFog":true,"showMaterialUpdate":false,"showSkybox":false,"showFlares":true,"showImageEffects":true,"showParticleSystems":true},"in2DMode":false,"pivot":{"x":-447.91998291015627,"y":-194.60000610351563,"z":0.0},"rotation":{"x":0.26785528659820559,"y":-0.06638426333665848,"z":0.019339652732014657,"w":0.961273729801178},"size":154.5056610107422,"orthographic":false}