{"cameraMode":{"drawMode":0,"name":"Shaded","section":"Shading Mode"},"sceneLighting":false,"audioPlay":false,"sceneViewState":{"showFog":true,"showMaterialUpdate":false,"showSkybox":false,"showFlares":true,"showImageEffects":true,"showParticleSystems":true},"in2DMode":false,"pivot":{"x":-2.0748796463012697,"y":-5.474989891052246,"z":0.5687112808227539},"rotation":{"x":0.02838519588112831,"y":-0.9551453590393066,"z":0.27858874201774599,"w":0.09686651080846787},"size":13.36412239074707,"orthographic":false}