{"cameraMode":{"drawMode":0,"name":"Shaded","section":"Shading Mode"},"sceneLighting":false,"audioPlay":false,"sceneViewState":{"showFog":true,"showMaterialUpdate":false,"showSkybox":false,"showFlares":true,"showImageEffects":true,"showParticleSystems":true},"in2DMode":false,"pivot":{"x":388.9388732910156,"y":305.4625244140625,"z":-67.69921875},"rotation":{"x":0.15410250425338746,"y":0.04738932475447655,"z":-0.006467706989496946,"w":0.9871885776519775},"size":312.7882385253906,"orthographic":false}