{"cameraMode":{"drawMode":0,"name":"Shaded","section":"Shading Mode"},"sceneLighting":false,"audioPlay":false,"sceneViewState":{"showFog":true,"showMaterialUpdate":false,"showSkybox":false,"showFlares":true,"showImageEffects":true,"showParticleSystems":true},"in2DMode":false,"pivot":{"x":-0.6444704532623291,"y":0.018187522888183595,"z":0.25487595796585085},"rotation":{"x":-0.2183264046907425,"y":0.5100820064544678,"z":-0.13541889190673829,"w":-0.8209381103515625},"size":0.7218388915061951,"orthographic":false}