{"cameraMode":{"drawMode":0,"name":"Shaded","section":"Shading Mode"},"sceneLighting":false,"audioPlay":false,"sceneViewState":{"showFog":true,"showMaterialUpdate":false,"showSkybox":false,"showFlares":true,"showImageEffects":true,"showParticleSystems":true},"in2DMode":false,"pivot":{"x":0.06992897391319275,"y":0.045329511165618899,"z":-0.05171918869018555},"rotation":{"x":-0.1953173130750656,"y":-0.7095919251441956,"z":0.2164384126663208,"w":-0.6415989398956299},"size":0.4318997263908386,"orthographic":false}