{"cameraMode":{"drawMode":0,"name":"Shaded","section":"Shading Mode"},"sceneLighting":false,"audioPlay":false,"sceneViewState":{"showFog":true,"showMaterialUpdate":false,"showSkybox":false,"showFlares":true,"showImageEffects":true,"showParticleSystems":true},"in2DMode":false,"pivot":{"x":0.000003814697265625,"y":2.5003294944763185,"z":0.0000019073486328125},"rotation":{"x":-0.3362361192703247,"y":0.23237629234790803,"z":-0.08564581722021103,"w":-0.9087252616882324},"size":22.557138442993165,"orthographic":false}