{"cameraMode":{"drawMode":0,"name":"Shaded","section":"Shading Mode"},"sceneLighting":false,"audioPlay":false,"sceneViewState":{"showFog":true,"showMaterialUpdate":false,"showSkybox":false,"showFlares":true,"showImageEffects":true,"showParticleSystems":true},"in2DMode":false,"pivot":{"x":598.1981201171875,"y":257.6000061035156,"z":0.0},"rotation":{"x":0.04681440815329552,"y":0.017853068187832834,"z":0.00010572976316325366,"w":0.9990310072898865},"size":167.3841552734375,"orthographic":false}