{"cameraMode":{"drawMode":0,"name":"Shaded","section":"Shading Mode"},"sceneLighting":false,"audioPlay":false,"sceneViewState":{"showFog":true,"showMaterialUpdate":false,"showSkybox":false,"showFlares":true,"showImageEffects":true,"showParticleSystems":true},"in2DMode":false,"pivot":{"x":562.4000244140625,"y":305.8999938964844,"z":0.0},"rotation":{"x":0.0018116342835128308,"y":0.002827824791893363,"z":0.0007894500740803778,"w":1.0002902746200562},"size":165.15504455566407,"orthographic":false}