{"cameraMode":{"drawMode":0,"name":"Shaded","section":"Shading Mode"},"sceneLighting":false,"audioPlay":false,"sceneViewState":{"showFog":true,"showMaterialUpdate":false,"showSkybox":false,"showFlares":true,"showImageEffects":true,"showParticleSystems":true},"in2DMode":false,"pivot":{"x":-0.4702458083629608,"y":-0.02305126190185547,"z":-0.027943134307861329},"rotation":{"x":0.09529626369476319,"y":-0.9045528769493103,"z":0.3025830388069153,"w":0.2848800718784332},"size":0.8980206251144409,"orthographic":false}