{"cameraMode":{"drawMode":0,"name":"Shaded","section":"Shading Mode"},"sceneLighting":false,"audioPlay":false,"sceneViewState":{"showFog":true,"showMaterialUpdate":false,"showSkybox":false,"showFlares":true,"showImageEffects":true,"showParticleSystems":true},"in2DMode":false,"pivot":{"x":-5.960464477539063e-8,"y":0.26252108812332156,"z":-0.0000011920928955078126},"rotation":{"x":-0.2146681249141693,"y":0.15980444848537446,"z":-0.03541973605751991,"w":-0.9629400968551636},"size":1.2471938133239747,"orthographic":false}