{"cameraMode":{"drawMode":0,"name":"Shaded","section":"Shading Mode"},"sceneLighting":false,"audioPlay":false,"sceneViewState":{"showFog":true,"showMaterialUpdate":false,"showSkybox":false,"showFlares":true,"showImageEffects":true,"showParticleSystems":true},"in2DMode":false,"pivot":{"x":-0.09007644653320313,"y":0.43076395988464358,"z":-0.16558265686035157},"rotation":{"x":-0.3362361192703247,"y":0.23237629234790803,"z":-0.08564581722021103,"w":-0.9087252616882324},"size":13.299195289611817,"orthographic":false}