{"cameraMode":{"drawMode":0,"name":"Shaded","section":"Shading Mode"},"sceneLighting":false,"audioPlay":false,"sceneViewState":{"showFog":true,"showMaterialUpdate":false,"showSkybox":false,"showFlares":true,"showImageEffects":true,"showParticleSystems":true},"in2DMode":false,"pivot":{"x":-0.003414154052734375,"y":0.3810005187988281,"z":-0.05490303039550781},"rotation":{"x":0.044735245406627658,"y":-0.8948767185211182,"z":0.09182048588991165,"w":0.434588223695755},"size":36.37306594848633,"orthographic":false}