{"cameraMode":{"drawMode":0,"name":"Shaded","section":"Shading Mode"},"sceneLighting":false,"audioPlay":false,"sceneViewState":{"showFog":true,"showMaterialUpdate":false,"showSkybox":false,"showFlares":true,"showImageEffects":true,"showParticleSystems":true},"in2DMode":false,"pivot":{"x":112.19477844238281,"y":-87.79988861083985,"z":5.3905029296875},"rotation":{"x":0.0026895429473370315,"y":-0.017402280122041704,"z":-0.00004774198532686569,"w":-0.9998499751091003},"size":259.5066833496094,"orthographic":false}