{"cameraMode":{"drawMode":0,"name":"Shaded","section":"Shading Mode"},"sceneLighting":false,"audioPlay":false,"sceneViewState":{"showFog":true,"showMaterialUpdate":false,"showSkybox":false,"showFlares":true,"showImageEffects":true,"showParticleSystems":true},"in2DMode":false,"pivot":{"x":96.4557876586914,"y":-0.9339926242828369,"z":70.24176788330078},"rotation":{"x":0.13084787130355836,"y":0.7606385350227356,"z":-0.16267628967761994,"w":0.6147211790084839},"size":3.8909199237823488,"orthographic":false}