{"cameraMode":{"drawMode":0,"name":"Shaded","section":"Shading Mode"},"sceneLighting":false,"audioPlay":false,"sceneViewState":{"showFog":true,"showMaterialUpdate":false,"showSkybox":false,"showFlares":true,"showImageEffects":true,"showParticleSystems":true},"in2DMode":false,"pivot":{"x":0.0,"y":0.19256702065467835,"z":1.4901161193847657e-7},"rotation":{"x":-0.06089590862393379,"y":-0.657439112663269,"z":0.053753770887851718,"w":-0.7492255568504334},"size":0.48070910573005679,"orthographic":false}