{"cameraMode":{"drawMode":0,"name":"Shaded","section":"Shading Mode"},"sceneLighting":false,"audioPlay":false,"sceneViewState":{"showFog":true,"showMaterialUpdate":false,"showSkybox":false,"showFlares":true,"showImageEffects":true,"showParticleSystems":true},"in2DMode":false,"pivot":{"x":0.40390658378601076,"y":1.3302569389343262,"z":0.11732640862464905},"rotation":{"x":-0.06089590862393379,"y":-0.657439112663269,"z":0.053753770887851718,"w":-0.7492255568504334},"size":1.5435020923614503,"orthographic":false}