{"cameraMode":{"drawMode":0,"name":"Shaded","section":"Shading Mode"},"sceneLighting":false,"audioPlay":false,"sceneViewState":{"showFog":true,"showMaterialUpdate":false,"showSkybox":false,"showFlares":true,"showImageEffects":true,"showParticleSystems":true},"in2DMode":false,"pivot":{"x":34.00727844238281,"y":3.74570369720459,"z":49.77072525024414},"rotation":{"x":0.21587586402893067,"y":-0.531367301940918,"z":0.14194802939891816,"w":0.8068642020225525},"size":1.258150339126587,"orthographic":false}