{"cameraMode":{"drawMode":0,"name":"Shaded","section":"Shading Mode"},"sceneLighting":false,"audioPlay":false,"sceneViewState":{"showFog":true,"showMaterialUpdate":false,"showSkybox":false,"showFlares":true,"showImageEffects":true,"showParticleSystems":true},"in2DMode":false,"pivot":{"x":57.96559524536133,"y":1.7276277542114258,"z":69.42223358154297},"rotation":{"x":-0.21170711517333985,"y":-0.007568735163658857,"z":0.0018022878793999553,"w":-0.9773862957954407},"size":14.276966094970704,"orthographic":false}