{"cameraMode":{"drawMode":0,"name":"Shaded","section":"Shading Mode"},"sceneLighting":false,"audioPlay":false,"sceneViewState":{"showFog":true,"showMaterialUpdate":false,"showSkybox":false,"showFlares":true,"showImageEffects":true,"showParticleSystems":true},"in2DMode":false,"pivot":{"x":-0.021336138248443605,"y":0.05446082353591919,"z":-0.017083585262298585},"rotation":{"x":-0.19686900079250337,"y":-0.6654073596000671,"z":0.18888702988624574,"w":-0.6949529647827148},"size":1.088112711906433,"orthographic":false}