{"cameraMode":{"drawMode":0,"name":"Shaded","section":"Shading Mode"},"sceneLighting":false,"audioPlay":false,"sceneViewState":{"showFog":true,"showMaterialUpdate":false,"showSkybox":false,"showFlares":true,"showImageEffects":true,"showParticleSystems":true},"in2DMode":false,"pivot":{"x":4.76837158203125e-7,"y":2.432587146759033,"z":0.0},"rotation":{"x":-0.1896590143442154,"y":0.009766407310962677,"z":-0.0017114476067945362,"w":-0.9818664193153381},"size":8.122593879699707,"orthographic":false}