{"cameraMode":{"drawMode":0,"name":"Shaded","section":"Shading Mode"},"sceneLighting":false,"audioPlay":false,"sceneViewState":{"showFog":true,"showMaterialUpdate":false,"showSkybox":false,"showFlares":true,"showImageEffects":true,"showParticleSystems":true},"in2DMode":false,"pivot":{"x":0.0005448907613754273,"y":0.059359148144721988,"z":-0.0010658055543899537},"rotation":{"x":-0.19686900079250337,"y":-0.6654073596000671,"z":0.18888702988624574,"w":-0.6949529647827148},"size":0.09971212595701218,"orthographic":false}