{"cameraMode":{"drawMode":0,"name":"Shaded","section":"Shading Mode"},"sceneLighting":false,"audioPlay":false,"sceneViewState":{"showFog":true,"showMaterialUpdate":false,"showSkybox":false,"showFlares":true,"showImageEffects":true,"showParticleSystems":true},"in2DMode":false,"pivot":{"x":-0.06267738342285156,"y":-0.024799078702926637,"z":-1.55460786819458},"rotation":{"x":-0.4391418695449829,"y":0.026847410947084428,"z":-0.012791146524250508,"w":-0.8980187773704529},"size":14.796853065490723,"orthographic":false}