{"cameraMode":{"drawMode":0,"name":"Shaded","section":"Shading Mode"},"sceneLighting":false,"audioPlay":false,"sceneViewState":{"showFog":true,"showMaterialUpdate":false,"showSkybox":false,"showFlares":true,"showImageEffects":true,"showParticleSystems":true},"in2DMode":false,"pivot":{"x":0.35698366165161135,"y":0.17506223917007447,"z":-2.947863817214966},"rotation":{"x":0.044735245406627658,"y":-0.8948767185211182,"z":0.09182048588991165,"w":0.434588223695755},"size":4.800017356872559,"orthographic":false}