{"cameraMode":{"drawMode":0,"name":"Shaded","section":"Shading Mode"},"sceneLighting":false,"audioPlay":false,"sceneViewState":{"showFog":true,"showMaterialUpdate":false,"showSkybox":false,"showFlares":true,"showImageEffects":true,"showParticleSystems":true},"in2DMode":false,"pivot":{"x":0.009386569261550904,"y":0.5515076518058777,"z":-0.0114670991897583},"rotation":{"x":0.26670143008232119,"y":0.6913851499557495,"z":-0.308933824300766,"w":0.5965322852134705},"size":0.6069079637527466,"orthographic":false}