{"cameraMode":{"drawMode":0,"name":"Shaded","section":"Shading Mode"},"sceneLighting":false,"audioPlay":false,"sceneViewState":{"showFog":true,"showMaterialUpdate":false,"showSkybox":false,"showFlares":true,"showImageEffects":true,"showParticleSystems":true},"in2DMode":false,"pivot":{"x":2.7095165252685549,"y":-0.8613386154174805,"z":1.300551414489746},"rotation":{"x":-0.07793914526700974,"y":-0.8827453255653381,"z":0.1582411676645279,"w":-0.4356158971786499},"size":6.092733860015869,"orthographic":false}