{"cameraMode":{"drawMode":0,"name":"Shaded","section":"Shading Mode"},"sceneLighting":false,"audioPlay":false,"sceneViewState":{"showFog":true,"showMaterialUpdate":false,"showSkybox":false,"showFlares":true,"showImageEffects":true,"showParticleSystems":true},"in2DMode":false,"pivot":{"x":-0.08128616213798523,"y":-0.0487673282623291,"z":0.18380507826805116},"rotation":{"x":-0.11583364009857178,"y":0.8647689819335938,"z":-0.23256175220012666,"w":-0.42988449335098269},"size":0.10627323389053345,"orthographic":false}