{"cameraMode":{"drawMode":0,"name":"Shaded","section":"Shading Mode"},"sceneLighting":false,"audioPlay":false,"sceneViewState":{"showFog":true,"showMaterialUpdate":false,"showSkybox":false,"showFlares":true,"showImageEffects":true,"showParticleSystems":true},"in2DMode":false,"pivot":{"x":0.014544367790222168,"y":0.46984824538230898,"z":0.028560936450958253},"rotation":{"x":-0.07425950467586518,"y":-0.9129992127418518,"z":0.19355592131614686,"w":-0.35159096121788027},"size":0.6572203636169434,"orthographic":false}