{"cameraMode":{"drawMode":0,"name":"Shaded","section":"Shading Mode"},"sceneLighting":false,"audioPlay":false,"sceneViewState":{"showFog":true,"showMaterialUpdate":false,"showSkybox":false,"showFlares":true,"showImageEffects":true,"showParticleSystems":true},"in2DMode":false,"pivot":{"x":-0.7290248870849609,"y":1.1770156621932984,"z":-0.5206847786903381},"rotation":{"x":0.044735245406627658,"y":-0.8948767185211182,"z":0.09182048588991165,"w":0.434588223695755},"size":2.488065004348755,"orthographic":false}