{"cameraMode":{"drawMode":0,"name":"Shaded","section":"Shading Mode"},"sceneLighting":false,"audioPlay":false,"sceneViewState":{"showFog":true,"showMaterialUpdate":false,"showSkybox":false,"showFlares":true,"showImageEffects":true,"showParticleSystems":true},"in2DMode":false,"pivot":{"x":-0.5120114088058472,"y":1.1118106842041016,"z":0.9290151596069336},"rotation":{"x":-0.032713983207941058,"y":0.9637860655784607,"z":-0.22544638812541963,"w":-0.13910657167434693},"size":1.5280475616455079,"orthographic":false}