{"cameraMode":{"drawMode":0,"name":"Shaded","section":"Shading Mode"},"sceneLighting":false,"audioPlay":false,"sceneViewState":{"showFog":true,"showMaterialUpdate":false,"showSkybox":false,"showFlares":true,"showImageEffects":true,"showParticleSystems":true},"in2DMode":false,"pivot":{"x":461.17999267578127,"y":88.28848266601563,"z":0.0},"rotation":{"x":0.04681440815329552,"y":0.017853068187832834,"z":0.00010572976316325366,"w":0.9990310072898865},"size":39.9613037109375,"orthographic":false}