{"cameraMode":{"drawMode":0,"name":"Shaded","section":"Shading Mode"},"sceneLighting":false,"audioPlay":false,"sceneViewState":{"showFog":true,"showMaterialUpdate":false,"showSkybox":false,"showFlares":true,"showImageEffects":true,"showParticleSystems":true},"in2DMode":false,"pivot":{"x":92.11729431152344,"y":0.7391723394393921,"z":74.12648010253906},"rotation":{"x":0.13466733694076539,"y":0.05824107676744461,"z":-0.007934385910630227,"w":0.9891697764396668},"size":2.860733985900879,"orthographic":false}