{"cameraMode":{"drawMode":0,"name":"Shaded","section":"Shading Mode"},"sceneLighting":false,"audioPlay":false,"sceneViewState":{"showFog":true,"showMaterialUpdate":false,"showSkybox":false,"showFlares":true,"showImageEffects":true,"showParticleSystems":true},"in2DMode":false,"pivot":{"x":89.7402114868164,"y":1.270508050918579,"z":75.55693817138672},"rotation":{"x":0.09336689859628678,"y":0.23339977860450746,"z":-0.023074917495250703,"w":0.9677808284759522},"size":3.8258960247039797,"orthographic":false}