{"cameraMode":{"drawMode":0,"name":"Shaded","section":"Shading Mode"},"sceneLighting":false,"audioPlay":false,"sceneViewState":{"showFog":true,"showMaterialUpdate":false,"showSkybox":false,"showFlares":true,"showImageEffects":true,"showParticleSystems":true},"in2DMode":false,"pivot":{"x":-0.15121781826019288,"y":0.2302851378917694,"z":0.1137663722038269},"rotation":{"x":0.24018661677837373,"y":0.479352205991745,"z":-0.1382637768983841,"w":0.8327385783195496},"size":0.8785051703453064,"orthographic":false}