{"cameraMode":{"drawMode":0,"name":"Shaded","section":"Shading Mode"},"sceneLighting":false,"audioPlay":false,"sceneViewState":{"showFog":true,"showMaterialUpdate":false,"showSkybox":false,"showFlares":true,"showImageEffects":true,"showParticleSystems":true},"in2DMode":false,"pivot":{"x":93.49552917480469,"y":0.6054937839508057,"z":72.5845947265625},"rotation":{"x":0.24615168571472169,"y":0.046502117067575458,"z":-0.011824414134025574,"w":0.9680460095405579},"size":2.471263885498047,"orthographic":false}