{"cameraMode":{"drawMode":0,"name":"Shaded","section":"Shading Mode"},"sceneLighting":false,"audioPlay":false,"sceneViewState":{"showFog":true,"showMaterialUpdate":false,"showSkybox":false,"showFlares":true,"showImageEffects":true,"showParticleSystems":true},"in2DMode":false,"pivot":{"x":-0.40916669368743899,"y":-0.08620399236679077,"z":-0.5292324423789978},"rotation":{"x":-0.15754397213459016,"y":0.7956190705299377,"z":-0.2332533299922943,"w":-0.5365546345710754},"size":0.9599639773368836,"orthographic":false}