{"cameraMode":{"drawMode":0,"name":"Shaded","section":"Shading Mode"},"sceneLighting":false,"audioPlay":false,"sceneViewState":{"showFog":true,"showMaterialUpdate":false,"showSkybox":false,"showFlares":true,"showImageEffects":true,"showParticleSystems":true},"in2DMode":false,"pivot":{"x":0.49198800325393679,"y":-0.022329092025756837,"z":3.725290298461914e-8},"rotation":{"x":-0.2146681249141693,"y":0.15980444848537446,"z":-0.03541973605751991,"w":-0.9629400968551636},"size":0.3017420768737793,"orthographic":false}