{"cameraMode":{"drawMode":0,"name":"Shaded","section":"Shading Mode"},"sceneLighting":false,"audioPlay":false,"sceneViewState":{"showFog":true,"showMaterialUpdate":false,"showSkybox":false,"showFlares":true,"showImageEffects":true,"showParticleSystems":true},"in2DMode":false,"pivot":{"x":92.85299682617188,"y":0.6440792679786682,"z":72.47055053710938},"rotation":{"x":0.2222888171672821,"y":0.20729537308216096,"z":-0.04841144010424614,"w":0.9514952301979065},"size":2.004929780960083,"orthographic":false}