{"cameraMode":{"drawMode":0,"name":"Shaded","section":"Shading Mode"},"sceneLighting":false,"audioPlay":false,"sceneViewState":{"showFog":true,"showMaterialUpdate":false,"showSkybox":false,"showFlares":true,"showImageEffects":true,"showParticleSystems":true},"in2DMode":false,"pivot":{"x":92.54447937011719,"y":0.1497427225112915,"z":70.93169403076172},"rotation":{"x":-0.008578029461205006,"y":0.9803955554962158,"z":-0.19211211800575257,"w":-0.04387066513299942},"size":2.3869810104370119,"orthographic":false}