{"cameraMode":{"drawMode":0,"name":"Shaded","section":"Shading Mode"},"sceneLighting":false,"audioPlay":false,"sceneViewState":{"showFog":true,"showMaterialUpdate":false,"showSkybox":false,"showFlares":true,"showImageEffects":true,"showParticleSystems":true},"in2DMode":false,"pivot":{"x":-0.6710953712463379,"y":-0.024799048900604249,"z":-1.5546140670776368},"rotation":{"x":-0.4391418695449829,"y":0.026847410947084428,"z":-0.012791146524250508,"w":-0.8980187773704529},"size":10.719890594482422,"orthographic":false}