{"cameraMode":{"drawMode":0,"name":"Shaded","section":"Shading Mode"},"sceneLighting":false,"audioPlay":false,"sceneViewState":{"showFog":true,"showMaterialUpdate":false,"showSkybox":false,"showFlares":true,"showImageEffects":true,"showParticleSystems":true},"in2DMode":false,"pivot":{"x":0.24328817427158357,"y":0.24795109033584596,"z":0.2230939269065857},"rotation":{"x":-0.27106773853302,"y":-0.10818909108638764,"z":0.030952148139476777,"w":-0.9560450315475464},"size":1.2103841304779053,"orthographic":false}