{"cameraMode":{"drawMode":0,"name":"Shaded","section":"Shading Mode"},"sceneLighting":false,"audioPlay":false,"sceneViewState":{"showFog":true,"showMaterialUpdate":false,"showSkybox":false,"showFlares":true,"showImageEffects":true,"showParticleSystems":true},"in2DMode":false,"pivot":{"x":2.383866548538208,"y":1.9255833625793458,"z":-0.09099042415618897},"rotation":{"x":-0.14616958796977998,"y":0.21772123873233796,"z":-0.03252096846699715,"w":-0.9644559025764465},"size":0.9378122687339783,"orthographic":false}