{"cameraMode":{"drawMode":0,"name":"Shaded","section":"Shading Mode"},"sceneLighting":false,"audioPlay":false,"sceneViewState":{"showFog":true,"showMaterialUpdate":false,"showSkybox":false,"showFlares":true,"showImageEffects":true,"showParticleSystems":true},"in2DMode":false,"pivot":{"x":0.4481200575828552,"y":0.07749427855014801,"z":0.0},"rotation":{"x":-0.21396446228027345,"y":-0.3172699809074402,"z":0.07385745644569397,"w":-0.9210202097892761},"size":0.38900142908096316,"orthographic":false}