{"cameraMode":{"drawMode":0,"name":"Shaded","section":"Shading Mode"},"sceneLighting":false,"audioPlay":false,"sceneViewState":{"showFog":true,"showMaterialUpdate":false,"showSkybox":false,"showFlares":true,"showImageEffects":true,"showParticleSystems":true},"in2DMode":false,"pivot":{"x":0.0,"y":0.14120033383369447,"z":0.0035952478647232057},"rotation":{"x":-0.07979649305343628,"y":0.8126335740089417,"z":-0.11425814777612686,"w":-0.5659810304641724},"size":0.2591504156589508,"orthographic":false}