{"cameraMode":{"drawMode":0,"name":"Shaded","section":"Shading Mode"},"sceneLighting":false,"audioPlay":false,"sceneViewState":{"showFog":true,"showMaterialUpdate":false,"showSkybox":false,"showFlares":true,"showImageEffects":true,"showParticleSystems":true},"in2DMode":false,"pivot":{"x":92.13534545898438,"y":0.5799999833106995,"z":73.85800170898438},"rotation":{"x":0.2982405126094818,"y":0.2119026631116867,"z":-0.0679847002029419,"w":0.9284124970436096},"size":7.071067810058594,"orthographic":false}