{"cameraMode":{"drawMode":0,"name":"Shaded","section":"Shading Mode"},"sceneLighting":false,"audioPlay":false,"sceneViewState":{"showFog":true,"showMaterialUpdate":false,"showSkybox":false,"showFlares":true,"showImageEffects":true,"showParticleSystems":true},"in2DMode":false,"pivot":{"x":-1.3488779067993165,"y":1.4434218406677247,"z":-2.7149312496185304},"rotation":{"x":-0.15431945025920869,"y":-0.6920261383056641,"z":0.1554383635520935,"w":-0.6879211068153381},"size":5.742943286895752,"orthographic":false}