{"cameraMode":{"drawMode":0,"name":"Shaded","section":"Shading Mode"},"sceneLighting":false,"audioPlay":false,"sceneViewState":{"showFog":true,"showMaterialUpdate":false,"showSkybox":false,"showFlares":true,"showImageEffects":true,"showParticleSystems":true},"in2DMode":false,"pivot":{"x":-9.577962875366211,"y":2.823639392852783,"z":-0.09575784206390381},"rotation":{"x":0.0328914113342762,"y":-0.7335267066955566,"z":0.03536348417401314,"w":0.6780257225036621},"size":13.267204284667969,"orthographic":false}