{"cameraMode":{"drawMode":0,"name":"Shaded","section":"Shading Mode"},"sceneLighting":false,"audioPlay":false,"sceneViewState":{"showFog":true,"showMaterialUpdate":false,"showSkybox":false,"showFlares":true,"showImageEffects":true,"showParticleSystems":true},"in2DMode":false,"pivot":{"x":-0.14136481285095216,"y":1.9787094593048096,"z":0.22320187091827393},"rotation":{"x":0.0012554837157949806,"y":0.9739072322845459,"z":-0.0077278693206608299,"w":0.22759120166301728},"size":3.128605604171753,"orthographic":false}