{"cameraMode":{"drawMode":0,"name":"Shaded","section":"Shading Mode"},"sceneLighting":false,"audioPlay":false,"sceneViewState":{"showFog":true,"showMaterialUpdate":false,"showSkybox":false,"showFlares":true,"showImageEffects":true,"showParticleSystems":true},"in2DMode":false,"pivot":{"x":0.0021019726991653444,"y":0.07663823664188385,"z":0.0022326111793518068},"rotation":{"x":0.17445272207260133,"y":-0.23141086101531983,"z":0.04163729399442673,"w":0.9562959671020508},"size":0.12656031548976899,"orthographic":false}