{"cameraMode":{"drawMode":0,"name":"Shaded","section":"Shading Mode"},"sceneLighting":false,"audioPlay":false,"sceneViewState":{"showFog":true,"showMaterialUpdate":false,"showSkybox":false,"showFlares":true,"showImageEffects":true,"showParticleSystems":true},"in2DMode":false,"pivot":{"x":0.3092724084854126,"y":-0.6252585649490356,"z":-0.3404926657676697},"rotation":{"x":-0.12059592455625534,"y":-0.8251643180847168,"z":0.5171940922737122,"w":-0.19296017289161683},"size":1.7421581745147706,"orthographic":false}