{"cameraMode":{"drawMode":0,"name":"Shaded","section":"Shading Mode"},"sceneLighting":false,"audioPlay":false,"sceneViewState":{"showFog":true,"showMaterialUpdate":false,"showSkybox":false,"showFlares":true,"showImageEffects":true,"showParticleSystems":true},"in2DMode":false,"pivot":{"x":-0.00044602900743484497,"y":0.17965178191661836,"z":-0.04379090666770935},"rotation":{"x":-0.09246344864368439,"y":0.7477079033851624,"z":-0.10625024139881134,"w":-0.6490185260772705},"size":0.4325571656227112,"orthographic":false}