{"cameraMode":{"drawMode":0,"name":"Shaded","section":"Shading Mode"},"sceneLighting":false,"audioPlay":false,"sceneViewState":{"showFog":true,"showMaterialUpdate":false,"showSkybox":false,"showFlares":true,"showImageEffects":true,"showParticleSystems":true},"in2DMode":false,"pivot":{"x":-0.01197361946105957,"y":0.730792224407196,"z":-0.02702927589416504},"rotation":{"x":-0.09246344864368439,"y":0.7477079033851624,"z":-0.10625024139881134,"w":-0.6490185260772705},"size":2.2416346073150636,"orthographic":false}