{"cameraMode":{"drawMode":0,"name":"Shaded","section":"Shading Mode"},"sceneLighting":false,"audioPlay":false,"sceneViewState":{"showFog":true,"showMaterialUpdate":false,"showSkybox":false,"showFlares":true,"showImageEffects":true,"showParticleSystems":true},"in2DMode":false,"pivot":{"x":0.21988654136657716,"y":0.336916983127594,"z":0.2540699541568756},"rotation":{"x":-0.26753291487693789,"y":0.2516370713710785,"z":-0.07238447666168213,"w":-0.9273583889007568},"size":0.33956173062324526,"orthographic":false}