{"cameraMode":{"drawMode":0,"name":"Shaded","section":"Shading Mode"},"sceneLighting":false,"audioPlay":false,"sceneViewState":{"showFog":true,"showMaterialUpdate":false,"showSkybox":false,"showFlares":true,"showImageEffects":true,"showParticleSystems":true},"in2DMode":false,"pivot":{"x":0.2447112798690796,"y":0.3127138018608093,"z":0.01564653217792511},"rotation":{"x":-0.17285145819187165,"y":-0.8037758469581604,"z":0.28114718198776247,"w":-0.49516236782073977},"size":1.2572203874588013,"orthographic":false}