{"cameraMode":{"drawMode":0,"name":"Shaded","section":"Shading Mode"},"sceneLighting":false,"audioPlay":false,"sceneViewState":{"showFog":true,"showMaterialUpdate":false,"showSkybox":false,"showFlares":true,"showImageEffects":true,"showParticleSystems":true},"in2DMode":false,"pivot":{"x":-0.007805168628692627,"y":0.19318819046020509,"z":0.026180267333984376},"rotation":{"x":-0.19686900079250337,"y":-0.6654073596000671,"z":0.18888702988624574,"w":-0.6949529647827148},"size":0.3379897177219391,"orthographic":false}