{"cameraMode":{"drawMode":0,"name":"Shaded","section":"Shading Mode"},"sceneLighting":false,"audioPlay":false,"sceneViewState":{"showFog":true,"showMaterialUpdate":false,"showSkybox":false,"showFlares":true,"showImageEffects":true,"showParticleSystems":true},"in2DMode":false,"pivot":{"x":-2.384185791015625e-7,"y":1.0685425996780396,"z":-0.03856003284454346},"rotation":{"x":-0.43003907799720766,"y":-0.20679989457130433,"z":0.10221564024686814,"w":-0.8729342818260193},"size":2.2439587116241457,"orthographic":false}