{"cameraMode":{"drawMode":0,"name":"Shaded","section":"Shading Mode"},"sceneLighting":false,"audioPlay":false,"sceneViewState":{"showFog":true,"showMaterialUpdate":false,"showSkybox":false,"showFlares":true,"showImageEffects":true,"showParticleSystems":true},"in2DMode":false,"pivot":{"x":0.03440478444099426,"y":0.30769869685173037,"z":0.09125596284866333},"rotation":{"x":-0.2221214473247528,"y":-0.2400764375925064,"z":0.0568084791302681,"w":-0.9433786869049072},"size":0.3524659276008606,"orthographic":false}