{"cameraMode":{"drawMode":0,"name":"Shaded","section":"Shading Mode"},"sceneLighting":false,"audioPlay":false,"sceneViewState":{"showFog":true,"showMaterialUpdate":false,"showSkybox":false,"showFlares":true,"showImageEffects":true,"showParticleSystems":true},"in2DMode":false,"pivot":{"x":-0.8835106492042542,"y":1.8083165884017945,"z":-0.07981443405151367},"rotation":{"x":0.007270675618201494,"y":-0.9903395175933838,"z":0.127263143658638,"w":0.055607911199331287},"size":2.4407334327697756,"orthographic":false}