{"cameraMode":{"drawMode":0,"name":"Shaded","section":"Shading Mode"},"sceneLighting":false,"audioPlay":false,"sceneViewState":{"showFog":true,"showMaterialUpdate":false,"showSkybox":false,"showFlares":true,"showImageEffects":true,"showParticleSystems":true},"in2DMode":false,"pivot":{"x":0.10667026042938233,"y":0.2710196375846863,"z":-0.3361856937408447},"rotation":{"x":-0.07425950467586518,"y":-0.9129992127418518,"z":0.19355592131614686,"w":-0.35159096121788027},"size":1.1666796207427979,"orthographic":false}