{"cameraMode":{"drawMode":0,"name":"Shaded","section":"Shading Mode"},"sceneLighting":false,"audioPlay":false,"sceneViewState":{"showFog":true,"showMaterialUpdate":false,"showSkybox":false,"showFlares":true,"showImageEffects":true,"showParticleSystems":true},"in2DMode":false,"pivot":{"x":-0.012183725833892823,"y":0.798906683921814,"z":0.010898590087890625},"rotation":{"x":0.31371745467185976,"y":0.4378986954689026,"z":-0.16632768511772157,"w":0.82593834400177},"size":1.0415222644805909,"orthographic":false}