{"cameraMode":{"drawMode":0,"name":"Shaded","section":"Shading Mode"},"sceneLighting":false,"audioPlay":false,"sceneViewState":{"showFog":true,"showMaterialUpdate":false,"showSkybox":false,"showFlares":true,"showImageEffects":true,"showParticleSystems":true},"in2DMode":false,"pivot":{"x":-1.2683669328689576,"y":0.5986801385879517,"z":0.12631338834762574},"rotation":{"x":-0.26407191157341006,"y":0.025809280574321748,"z":-0.006921479478478432,"w":-0.9642230868339539},"size":1.3941378593444825,"orthographic":false}