{"cameraMode":{"drawMode":0,"name":"Shaded","section":"Shading Mode"},"sceneLighting":false,"audioPlay":false,"sceneViewState":{"showFog":true,"showMaterialUpdate":false,"showSkybox":false,"showFlares":true,"showImageEffects":true,"showParticleSystems":true},"in2DMode":false,"pivot":{"x":-0.0000019073486328125,"y":0.22807708382606507,"z":0.0},"rotation":{"x":-0.3362361192703247,"y":0.23237629234790803,"z":-0.08564581722021103,"w":-0.9087252616882324},"size":14.141613960266114,"orthographic":false}