{"cameraMode":{"drawMode":0,"name":"Shaded","section":"Shading Mode"},"sceneLighting":false,"audioPlay":false,"sceneViewState":{"showFog":true,"showMaterialUpdate":false,"showSkybox":false,"showFlares":true,"showImageEffects":true,"showParticleSystems":true},"in2DMode":false,"pivot":{"x":-1.274999976158142,"y":0.6710441708564758,"z":0.0},"rotation":{"x":-0.26407191157341006,"y":0.025809280574321748,"z":-0.006921479478478432,"w":-0.9642230868339539},"size":1.3675776720046998,"orthographic":false}