{"cameraMode":{"drawMode":0,"name":"Shaded","section":"Shading Mode"},"sceneLighting":false,"audioPlay":false,"sceneViewState":{"showFog":true,"showMaterialUpdate":false,"showSkybox":false,"showFlares":true,"showImageEffects":true,"showParticleSystems":true},"in2DMode":false,"pivot":{"x":0.002101898193359375,"y":0.07360159605741501,"z":0.0022326111793518068},"rotation":{"x":-0.12059592455625534,"y":-0.8251643180847168,"z":0.5171940922737122,"w":-0.19296017289161683},"size":0.12122027575969696,"orthographic":false}