{"cameraMode":{"drawMode":0,"name":"Shaded","section":"Shading Mode"},"sceneLighting":false,"audioPlay":false,"sceneViewState":{"showFog":true,"showMaterialUpdate":false,"showSkybox":false,"showFlares":true,"showImageEffects":true,"showParticleSystems":true},"in2DMode":false,"pivot":{"x":0.012818455696105957,"y":0.32037878036499026,"z":0.020055532455444337},"rotation":{"x":-0.053897324949502948,"y":-0.9093851447105408,"z":0.1252935230731964,"w":-0.39316388964653017},"size":0.47921130061149599,"orthographic":false}