{"cameraMode":{"drawMode":0,"name":"Shaded","section":"Shading Mode"},"sceneLighting":false,"audioPlay":false,"sceneViewState":{"showFog":true,"showMaterialUpdate":false,"showSkybox":false,"showFlares":true,"showImageEffects":true,"showParticleSystems":true},"in2DMode":false,"pivot":{"x":-96.0,"y":22.7530517578125,"z":-151.89999389648438},"rotation":{"x":0.12449964880943299,"y":-0.011959475465118885,"z":0.0025129723362624647,"w":0.9924347996711731},"size":48.02986526489258,"orthographic":false}