{"cameraMode":{"drawMode":0,"name":"Shaded","section":"Shading Mode"},"sceneLighting":true,"audioPlay":false,"sceneViewState":{"showFog":true,"showMaterialUpdate":false,"showSkybox":true,"showFlares":true,"showImageEffects":true,"showParticleSystems":true},"in2DMode":false,"pivot":{"x":436.57391357421877,"y":10.916857719421387,"z":72.64346313476563},"rotation":{"x":-0.00612989068031311,"y":0.7087857723236084,"z":0.006160277873277664,"w":0.7053737640380859},"size":307.2721862792969,"orthographic":false}